<?xml version="1.0" encoding="UTF-8"?>
<?NLS TYPE="org.eclipse.help.contexts"?>
<contexts>
   <!-- Java developers see: /org.neontoolkit.gui/src/main/org/neontoolkit/gui/IHelpContextIds.java -->

   <context id="INDIVIDUALS_VIEW" title="Individuals Panel">
      <description>Individuals Panel</description>
      <topic href="html/individuals_view.html" label="Individuals Panel" />
   </context>
  
   <context id="OWL_SEARCH" title="OWL Search">
      <description>OWL Search</description>
      <topic href="html/search.html" label="OWL Search" />
   </context>
  
  <context id="OWL_ONTOLOGY_VIEW" title="OWL Ontology">
      <description>OWL Ontology</description>
      <topic href="html/owl_ontology.html" label="OWL Ontology" />
   </context>
  
   <context id="OWL_CLASSES_VIEW" title="Classes">
      <description>Classes</description>
      <topic href="html/owl_classes.html" label="Classes" />
   </context>
   
   <context id="OWL_OBJECT_PROPERTIES_VIEW" title="Object Properties">
      <description>Object Properties</description>
      <topic href="html/owl_object_properties.html" label="Object Properties" />
   </context>
   
   <context id="OWL_DATA_PROPERTIES_VIEW" title="Datatype Properties">
      <description>Datatype Properties</description>
      <topic href="html/owl_data_properties.html" label="Datatype Properties" />
   </context>
   
   <context id="OWL_INDIVIDUAL_VIEW" title="Individual">
      <description>Individual</description>
      <topic href="html/owl_individuals.html" label="Individual" />
   </context>
   
   <context id="OWL_ANNOTATION_PROPERTIES_VIEW" title="Annotations">
      <description>Annotations</description>
      <topic href="html/owl_annotation_properties.html" label="Annotation Properties" />
      <topic href="html/owl_datatypes.html" label="Datatypes" />
   </context>   
   
  <!-- 
    <context id="">
      <description></description>
      <topic href="html/.html" label="" />
    </context>
  -->
</contexts>
