<?xml version="1.0" encoding="utf-8"?>
<?NLS TYPE="org.eclipse.help.toc"?>

<toc label="OWL Editor" link_to="/../com.ontoprise.ontostudio.help/toc.xml#more-perspectives">
	<topic label="OWL Editor" href="html/owl_editor.html">
		
		<topic label="The OWL Language" href="html/owl.html"></topic>
		<topic href="html/user_interface_overview.html" label="User Interface Overview">
			<topic href="html/ontology_navigator.html" label="Ontology Navigator"></topic>
			<topic href="html/individuals_view.html" label="Individuals Panel"></topic>
			<topic href="html/entity_properties.html" label="Entity Properties Panel">
				<topic href="html/owl_ontology.html" label="Ontology"></topic>
				<topic href="html/owl_classes.html" label="Classes"></topic>
				<topic href="html/owl_object_properties.html" label="Object Properties"></topic>
				<topic href="html/owl_data_properties.html" label="Datatype Properties"></topic>
				<topic href="html/owl_annotation_properties.html" label="Annotation Properties"></topic>
				<topic href="html/owl_datatypes.html" label="Datatypes"></topic>
				<topic href="html/owl_individuals.html" label="Individuals"></topic>
			</topic>
			<topic href="html/manchester_syntax.html" label="Manchester Syntax"></topic>
			<topic href="html/search.html" label="Search"></topic>
			<topic href="html/preferences.html" label="Preferences"></topic>
		</topic>
		
		<topic href="html/using_owl_editor.html" label="Using the OWL Editor">
			<topic href="html/create_owl_project.html" label="Create an Ontology Project"></topic>
			<topic href="html/create_ontology.html" label="Create an Ontology"></topic>
			<topic href="html/create_class.html" label="Create a Class"></topic>
			<topic href="html/create_object_property.html" label="Create an Object Property"></topic>
			<topic href="html/create_datatype_property.html" label="Create a Datatype Property"></topic>
			<topic href="html/create_annotation_property.html" label="Create an Annotation Property"></topic>
			<topic href="html/create_annotation.html" label="Create an Annotation"></topic>
			<topic href="html/import_ontology.html" label="Import an Ontology"></topic>
			<topic href="html/export_ontology.html" label="Export an Ontology"></topic>
			<topic href="html/delete_resource.html" label="Delete a Resource"></topic>
		</topic>
		<topic href="html/online_references.html" label="Online References"></topic>
	</topic>
</toc>
