<?xml version="1.0" encoding="UTF-8"?>
<beans xmlns="http://www.springframework.org/schema/beans"
		xmlns:xsi="http://www.w3.org/2001/XMLSchema-instance"
		xmlns:aop="http://www.springframework.org/schema/aop"
		xmlns:tx="http://www.springframework.org/schema/tx"
		xsi:schemaLocation="http://www.springframework.org/schema/beans http://www.springframework.org/schema/beans/spring-beans-2.0.xsd
				http://www.springframework.org/schema/aop http://www.springframework.org/schema/aop/spring-aop-2.0.xsd
				http://www.springframework.org/schema/tx http://www.springframework.org/schema/tx/spring-tx-2.0.xsd">
				
  <bean name="/ontologymanager" class="org.springframework.remoting.caucho.HessianServiceExporter">
    <property name="service" ref="collaborationServer"/>
    <property name="serviceInterface" value="com.ontoprise.collab.common.CollabOntologyManager"/>
	<property name="registerTraceInterceptor" value="false" />
	<property name="serializerFactory" ref="customizedSerializerFactory"/>
  </bean>

  <bean name="/ontologysource" class="org.springframework.remoting.caucho.HessianServiceExporter">
    <property name="service" ref="collabOntologySource"/>
    <property name="serviceInterface" value="com.ontoprise.collab.common.CollabOntologySource"/>
	<property name="registerTraceInterceptor" value="false" />
	<property name="serializerFactory" ref="customizedSerializerFactory"/>
  </bean>
  
  <bean name="/flogicontologysource" class="org.springframework.remoting.caucho.HessianServiceExporter">
    <property name="service" ref="collabFLogicOntologySource"/>
    <property name="serviceInterface" value="com.ontoprise.collab.common.CollabFLogicOntologySource"/>
	<property name="registerTraceInterceptor" value="false" />
	<property name="serializerFactory" ref="customizedSerializerFactory"/>
  </bean>
  
  <bean name="/ontologyupload/handler" class="com.ontoprise.collab.server.UploadHandler">
    <property name="collabOntologySourceLocal" ref="collabOntologySource"/>
  </bean>

  <bean name="/ontologydownload/handler" class="com.ontoprise.collab.server.DownloadHandler">
    <property name="collabOntologySourceLocal" ref="collabOntologySource"/>
  </bean>
  
  <bean name="/ontologyimport/handler" class="com.ontoprise.collab.server.ImportOntologiesHandler">
    <property name="collabOntologyManagerLocal" ref="collaborationServer"/>
  </bean>
  
</beans>