<?xml version="1.0" encoding="UTF-8"?>
<beans xmlns="http://www.springframework.org/schema/beans"
		xmlns:xsi="http://www.w3.org/2001/XMLSchema-instance"
		xmlns:aop="http://www.springframework.org/schema/aop"
		xmlns:tx="http://www.springframework.org/schema/tx"
		xsi:schemaLocation="http://www.springframework.org/schema/beans http://www.springframework.org/schema/beans/spring-beans-2.0.xsd
				http://www.springframework.org/schema/aop http://www.springframework.org/schema/aop/spring-aop-2.0.xsd
				http://www.springframework.org/schema/tx http://www.springframework.org/schema/tx/spring-tx-2.0.xsd">

  <bean id="collaborationServer" class="com.ontoprise.collab.server.CollabOntologyManagerImpl">
       <constructor-arg index="0">
           <ref bean="ontologyManager" />
       </constructor-arg>
  </bean>

  <bean id="collabOntologySource" class="com.ontoprise.collab.server.CollabOntologySourceImpl">
       <constructor-arg index="0">
           <ref bean="collaborationServer" />
       </constructor-arg>
       <property name="pageSize" value="3"/>
  </bean>

  <bean id="collabFLogicOntologySource" class="com.ontoprise.collab.server.CollabFLogicOntologySourceImpl">
       <constructor-arg index="0">
           <ref bean="collabOntologySource" />
       </constructor-arg>
  </bean>
  
  <bean id="customizedSerializerFactory" class="com.ontoprise.collab.server.CustomizedSerializerFactory">
  </bean>
  
</beans>