<?xml version="1.0" encoding="UTF-8"?>
<beans xmlns="http://www.springframework.org/schema/beans"
		xmlns:xsi="http://www.w3.org/2001/XMLSchema-instance"
		xmlns:aop="http://www.springframework.org/schema/aop"
		xmlns:tx="http://www.springframework.org/schema/tx"
		xsi:schemaLocation="http://www.springframework.org/schema/beans http://www.springframework.org/schema/beans/spring-beans-2.0.xsd
				http://www.springframework.org/schema/aop http://www.springframework.org/schema/aop/spring-aop-2.0.xsd
				http://www.springframework.org/schema/tx http://www.springframework.org/schema/tx/spring-tx-2.0.xsd">

  <bean id="debugInterceptor" class="org.springframework.aop.interceptor.DebugInterceptor">
  </bean>

  <bean id="_collaborationServer" class="com.ontoprise.collab.server.CollabOntologyManagerImpl">
       <constructor-arg index="0">
           <ref bean="ontologyManager" />
       </constructor-arg>
  </bean>
  
  <bean id="collaborationServer" class="org.springframework.aop.framework.ProxyFactoryBean">
  	<property name="proxyInterfaces">
  		<value>com.ontoprise.collab.server.CollabOntologyManagerLocal</value>
  	</property>
  	<property name="target">
  	   <ref bean="_collaborationServer"/>
  	</property>
  	<property name="interceptorNames">
  		<list>
  			<value>debugInterceptor</value>
  		</list>
  	</property>
  </bean>

  <bean id="collabOntologySource" class="org.springframework.aop.framework.ProxyFactoryBean">
  	<property name="proxyInterfaces">
  		<value>com.ontoprise.collab.server.CollabOntologySourceLocal</value>
  	</property>
  	<property name="target">
  		<bean class="com.ontoprise.collab.server.CollabOntologySourceImpl">
	       <constructor-arg index="0">
	           <ref bean="_collaborationServer" />
	       </constructor-arg>
	       <property name="pageSize" value="2"/>
  		</bean>
  	</property>
  	<property name="interceptorNames">
  		<list>
  			<value>debugInterceptor</value>
  		</list>
  	</property>
  </bean>

  <bean id="collabFLogicOntologySource" class="org.springframework.aop.framework.ProxyFactoryBean">
  	<property name="proxyInterfaces">
  		<value>com.ontoprise.collab.common.CollabFLogicOntologySource</value>
  	</property>
  	<property name="target">
  		<bean class="com.ontoprise.collab.server.CollabFLogicOntologySourceImpl">
	       <constructor-arg index="0">
	           <ref bean="collabOntologySource" />
	       </constructor-arg>
  		</bean>
  	</property>
  	<property name="interceptorNames">
  		<list>
  			<value>debugInterceptor</value>
  		</list>
  	</property>
  </bean>
</beans>