<beans xmlns="http://www.springframework.org/schema/beans"
	xmlns:xsi="http://www.w3.org/2001/XMLSchema-instance"
	xmlns:util="http://www.springframework.org/schema/util"
	xmlns:jaxws="http://cxf.apache.org/jaxws"	
	xsi:schemaLocation="
http://www.springframework.org/schema/beans http://www.springframework.org/schema/beans/spring-beans.xsd
http://cxf.apache.org/jaxws http://cxf.apache.org/schemas/jaxws.xsd
http://www.springframework.org/schema/util http://www.springframework.org/schema/util/spring-util-2.0.xsd">

	<import resource="classpath:META-INF/cxf/cxf.xml" />
 	<import resource="classpath:META-INF/cxf/cxf-extension-soap.xml" />
	<import resource="classpath:META-INF/cxf/cxf-servlet.xml" />

	<!-- implementation of OntoBroker Query & Command service -->
	<bean id="OntobrokerSvc"
		class="com.ontoprise.services.OntobrokerSvc">
		 <property name="inferenceServer" ref="inferenceServer" />
	</bean>

	<!-- endpoint for OntoBroker Query & Command web service -->
	<jaxws:endpoint id="ontobroker" implementor="#OntobrokerSvc"
		address="/ontobroker"
		bindingUri="http://schemas.xmlsoap.org/wsdl/soap/">
		<jaxws:serviceFactory>
           <bean class="org.apache.cxf.jaxws.support.JaxWsServiceFactoryBean"/>
        </jaxws:serviceFactory>
	</jaxws:endpoint>    
</beans>